<?xml version="1.0"?><wordlist name="Dolch Primer">
<word>
<name>all</name>
<meaning>___ for one and one for ___</meaning>
<choice1>The opposite of over.</choice1>
<choice2>The colour of the night sky.</choice2>
<choice3>It was __ hot that I went for a swim.</choice3>
</word>

<word>
<name>am</name>
<meaning>I __ going to the school fair, are you?</meaning>
<choice1>as well; also; relatively more or less; this porridge is ___ hot.</choice1>
<choice2>Like he, but for a girl.</choice2>
<choice3>She is a girl. __ is a boy</choice3>
</word>

<word>
<name>are</name>
<meaning>Where ___ you going?</meaning>
<choice1>When words come out of your mough.</choice1>
<choice2>An example of a particular thing.</choice2>
<choice3>You are ____ you eat.</choice3>
</word>

<word>
<name>at</name>
<meaning>If __ first you don't succeed, try, try and try again.</meaning>
<choice1>___ up on the wrong side of bed.</choice1>
<choice2>Where there's a ____ there's a way.</choice2>
<choice3>Like he, but for a girl.</choice3>
</word>

<word>
<name>ate</name>
<meaning>I ___ breakfast this morning.</meaning>
<choice1>He ran ____ the wall on his bike.</choice1>
<choice2>You ought to do it, you should do it, you ____ do it.</choice2>
<choice3>Jack and Jill ____ up the hill.</choice3>
</word>

<word>
<name>be</name>
<meaning>To __ or not to __.</meaning>
<choice1>That dress looks very ______ on you.</choice1>
<choice2>A place to get water from.</choice2>
<choice3>If __ first you don't succeed, try, try and try again.</choice3>
</word>

<word>
<name>black</name>
<meaning>The colour of the night sky.</meaning>
<choice1>Michael ___ all the way home.</choice1>
<choice2>The opposite of over.</choice2>
<choice3>If __ first you don't succeed, try, try and try again.</choice3>
</word>

<word>
<name>brown</name>
<meaning>Most kinds of wood are this colour.</meaning>
<choice1>The opposite of in.</choice1>
<choice2>The colour of a cliean piece of paper.</choice2>
<choice3>An example of a particular thing.</choice3>
</word>

<word>
<name>but</name>
<meaning>Everything ___ the kitchen sink.</meaning>
<choice1>The opposite of no.</choice1>
<choice2>Would you like to eat them here or _____.</choice2>
<choice3>Don't bite the hand ____ feeds you.</choice3>
</word>

<word>
<name>came</name>
<meaning>The past tenst of come.</meaning>
<choice1>Where ___ you going?</choice1>
<choice2>To __ or not to __.</choice2>
<choice3>___ up on the wrong side of bed.</choice3>
</word>

<word>
<name>did</name>
<meaning>The past tense of do.</meaning>
<choice1>Michael ___ all the way home.</choice1>
<choice2>To __ or not to __.</choice2>
<choice3>___ for one and one for ___</choice3>
</word>

<word>
<name>do</name>
<meaning>I like to eat ice cream, __ you?</meaning>
<choice1>The past tense of do.</choice1>
<choice2>Where ___ you going?</choice2>
<choice3>Not old; when you just bought something from the shop.</choice3>
</word>

<word>
<name>eat</name>
<meaning>What favourite food do you like to ___?</meaning>
<choice1>Don't bite the hand ____ feeds you.</choice1>
<choice2>When you own something, you ___ it.</choice2>
<choice3>A momment in time, not later.</choice3>
</word>

<word>
<name>four</name>
<meaning>I like to count. One, Two, Three, ____, Five.</meaning>
<choice1>___ up on the wrong side of bed.</choice1>
<choice2>When there is something you would really like, you ____ it.</choice2>
<choice3>You can switch the light __, then off.</choice3>
</word>

<word>
<name>get</name>
<meaning>___ up on the wrong side of bed.</meaning>
<choice1>The colour of the night sky.</choice1>
<choice2>I like to ____ my bike.</choice2>
<choice3>What favourite food do you like to ___?</choice3>
</word>

<word>
<name>good</name>
<meaning>The opposite of bad.</meaning>
<choice1>When there is something you would really like, you ____ it.</choice1>
<choice2>___ for one and one for ___</choice2>
<choice3>You can switch the light __, then off.</choice3>
</word>

<word>
<name>have</name>
<meaning>When you own something, you ___ it.</meaning>
<choice1>___ up on the wrong side of bed.</choice1>
<choice2>Not old; when you just bought something from the shop.</choice2>
<choice3>See, saw, Margery Daw.</choice3>
</word>

<word>
<name>he</name>
<meaning>She is a girl. __ is a boy</meaning>
<choice1>A place to get water from.</choice1>
<choice2>The opposite of yes.</choice2>
<choice3>The past tenst of come.</choice3>
</word>

<word>
<name>into</name>
<meaning>He ran ____ the wall on his bike.</meaning>
<choice1>When words come out of your mough.</choice1>
<choice2>See, saw, Margery Daw.</choice2>
<choice3>Like he, but for a girl.</choice3>
</word>

<word>
<name>like</name>
<meaning>Everybody ____s ice cream. Do you ____ ice cream.</meaning>
<choice1>Everything ___ the kitchen sink.</choice1>
<choice2>You ought to do it, you should do it, you ____ do it.</choice2>
<choice3>Jack and Jill ____ up the hill.</choice3>
</word>

<word>
<name>must</name>
<meaning>You ought to do it, you should do it, you ____ do it.</meaning>
<choice1>The colour of the night sky.</choice1>
<choice2>When you own something, you ___ it.</choice2>
<choice3>___ up on the wrong side of bed.</choice3>
</word>

<word>
<name>new</name>
<meaning>Not old; when you just bought something from the shop.</meaning>
<choice1>___ for one and one for ___</choice1>
<choice2>Everybody ____s ice cream. Do you ____ ice cream.</choice2>
<choice3>If __ first you don't succeed, try, try and try again.</choice3>
</word>

<word>
<name>no</name>
<meaning>The opposite of yes.</meaning>
<choice1>When there is something you would really like, you ____ it.</choice1>
<choice2>Would you like to come ____ me to the beech?</choice2>
<choice3>If you didn't take the cookie from the cookie jar, then ___ took the cookie from the cookie jar.</choice3>
</word>

<word>
<name>now</name>
<meaning>A momment in time, not later.</meaning>
<choice1>She is a girl. __ is a boy</choice1>
<choice2>Everything ___ the kitchen sink.</choice2>
<choice3>Like he, but for a girl.</choice3>
</word>

<word>
<name>on</name>
<meaning>You can switch the light __, then off.</meaning>
<choice1>Would you like to eat them here or _____.</choice1>
<choice2>The opposite of bad.</choice2>
<choice3>When you own something, you ___ it.</choice3>
</word>

<word>
<name>our</name>
<meaning>Look Mum, you can see ___ house from here.</meaning>
<choice1>___ up on the wrong side of bed.</choice1>
<choice2>Where there's a ____ there's a way.</choice2>
<choice3>Jack and Jill ____ up the hill.</choice3>
</word>

<word>
<name>out</name>
<meaning>The opposite of in.</meaning>
<choice1>When you own something, you ___ it.</choice1>
<choice2>If __ first you don't succeed, try, try and try again.</choice2>
<choice3>When words come out of your mough.</choice3>
</word>

<word>
<name>please</name>
<meaning>It's polite to use this word when asking for something.</meaning>
<choice1>Would you like to eat them here or _____.</choice1>
<choice2>When you own something, you ___ it.</choice2>
<choice3>A momment in time, not later.</choice3>
</word>

<word>
<name>pretty</name>
<meaning>That dress looks very ______ on you.</meaning>
<choice1>The colour of a cliean piece of paper.</choice1>
<choice2>Would you like to eat them here or _____.</choice2>
<choice3>A group of other people.</choice3>
</word>

<word>
<name>ran</name>
<meaning>Michael ___ all the way home.</meaning>
<choice1>Don't bite the hand ____ feeds you.</choice1>
<choice2>Would you like to eat them here or _____.</choice2>
<choice3>The past tenst of come.</choice3>
</word>

<word>
<name>ride</name>
<meaning>I like to ____ my bike.</meaning>
<choice1>Look Mum, you can see ___ house from here.</choice1>
<choice2>To __ or not to __.</choice2>
<choice3>A momment in time, not later.</choice3>
</word>

<word>
<name>saw</name>
<meaning>See, saw, Margery Daw.</meaning>
<choice1>When you own something, you ___ it.</choice1>
<choice2>A place to get water from.</choice2>
<choice3>To __ or not to __.</choice3>
</word>

<word>
<name>say</name>
<meaning>When words come out of your mough.</meaning>
<choice1>Not old; when you just bought something from the shop.</choice1>
<choice2>The opposite of in.</choice2>
<choice3>There ___ an old lady who swallowed a fly.</choice3>
</word>

<word>
<name>she</name>
<meaning>Like he, but for a girl.</meaning>
<choice1>I like to ____ my bike.</choice1>
<choice2>If __ first you don't succeed, try, try and try again.</choice2>
<choice3>Where ___ you going?</choice3>
</word>

<word>
<name>so</name>
<meaning>It was __ hot that I went for a swim.</meaning>
<choice1>You can switch the light __, then off.</choice1>
<choice2>The past tense of do.</choice2>
<choice3>The opposite of no.</choice3>
</word>

<word>
<name>soon</name>
<meaning>In a little while.</meaning>
<choice1>Not old; when you just bought something from the shop.</choice1>
<choice2>That dress looks very ______ on you.</choice2>
<choice3>When there is something you would really like, you ____ it.</choice3>
</word>

<word>
<name>that</name>
<meaning>Don't bite the hand ____ feeds you.</meaning>
<choice1>Michael ___ all the way home.</choice1>
<choice2>The opposite of yes.</choice2>
<choice3>When words come out of your mough.</choice3>
</word>

<word>
<name>there</name>
<meaning>Would you like to eat them here or _____.</meaning>
<choice1>A momment in time, not later.</choice1>
<choice2>You are ____ you eat.</choice2>
<choice3>It was __ hot that I went for a swim.</choice3>
</word>

<word>
<name>they</name>
<meaning>A group of other people.</meaning>
<choice1>Michael ___ all the way home.</choice1>
<choice2>Where there's a ____ there's a way.</choice2>
<choice3>You can switch the light __, then off.</choice3>
</word>

<word>
<name>this</name>
<meaning>An example of a particular thing.</meaning>
<choice1>When you own something, you ___ it.</choice1>
<choice2>There ___ an old lady who swallowed a fly.</choice2>
<choice3>You ought to do it, you should do it, you ____ do it.</choice3>
</word>

<word>
<name>too</name>
<meaning>as well; also; relatively more or less; this porridge is ___ hot.</meaning>
<choice1>The past tense of do.</choice1>
<choice2>Look Mum, you can see ___ house from here.</choice2>
<choice3>He ran ____ the wall on his bike.</choice3>
</word>

<word>
<name>under</name>
<meaning>The opposite of over.</meaning>
<choice1>as well; also; relatively more or less; this porridge is ___ hot.</choice1>
<choice2>Don't bite the hand ____ feeds you.</choice2>
<choice3>The past tenst of come.</choice3>
</word>

<word>
<name>want</name>
<meaning>When there is something you would really like, you ____ it.</meaning>
<choice1>You are ____ you eat.</choice1>
<choice2>She is a girl. __ is a boy</choice2>
<choice3>as well; also; relatively more or less; this porridge is ___ hot.</choice3>
</word>

<word>
<name>was</name>
<meaning>There ___ an old lady who swallowed a fly.</meaning>
<choice1>What favourite food do you like to ___?</choice1>
<choice2>It's polite to use this word when asking for something.</choice2>
<choice3>Everybody ____s ice cream. Do you ____ ice cream.</choice3>
</word>

<word>
<name>well</name>
<meaning>A place to get water from.</meaning>
<choice1>The opposite of bad.</choice1>
<choice2>The opposite of yes.</choice2>
<choice3>Everything ___ the kitchen sink.</choice3>
</word>

<word>
<name>went</name>
<meaning>Jack and Jill ____ up the hill.</meaning>
<choice1>Everything ___ the kitchen sink.</choice1>
<choice2>I like to eat ice cream, __ you?</choice2>
<choice3>The opposite of no.</choice3>
</word>

<word>
<name>what</name>
<meaning>You are ____ you eat.</meaning>
<choice1>Not old; when you just bought something from the shop.</choice1>
<choice2>I __ going to the school fair, are you?</choice2>
<choice3>Where ___ you going?</choice3>
</word>

<word>
<name>white</name>
<meaning>The colour of a cliean piece of paper.</meaning>
<choice1>Not old; when you just bought something from the shop.</choice1>
<choice2>Like he, but for a girl.</choice2>
<choice3>That dress looks very ______ on you.</choice3>
</word>

<word>
<name>who</name>
<meaning>If you didn't take the cookie from the cookie jar, then ___ took the cookie from the cookie jar.</meaning>
<choice1>That dress looks very ______ on you.</choice1>
<choice2>Don't bite the hand ____ feeds you.</choice2>
<choice3>Most kinds of wood are this colour.</choice3>
</word>

<word>
<name>will</name>
<meaning>Where there's a ____ there's a way.</meaning>
<choice1>The past tense of do.</choice1>
<choice2>A place to get water from.</choice2>
<choice3>Everybody ____s ice cream. Do you ____ ice cream.</choice3>
</word>

<word>
<name>with</name>
<meaning>Would you like to come ____ me to the beech?</meaning>
<choice1>Like he, but for a girl.</choice1>
<choice2>See, saw, Margery Daw.</choice2>
<choice3>Look Mum, you can see ___ house from here.</choice3>
</word>

<word>
<name>yes</name>
<meaning>The opposite of no.</meaning>
<choice1>An example of a particular thing.</choice1>
<choice2>I like to ____ my bike.</choice2>
<choice3>Look Mum, you can see ___ house from here.</choice3>
</word>

</wordlist>