<?xml version="1.0"?><wordlist name="Dolch Grade 3">
<word>
<name>about</name>
<meaning>to beat _____ the bush.</meaning>
<choice1>Taking something from another place to this place.</choice1>
<choice2>I like to count</choice2>
<choice3>Grasp something in your hand.</choice3>
</word>

<word>
<name>better</name>
<meaning>improve something</meaning>
<choice1>Hold something in your arms as you move along.</choice1>
<choice2>This is what you do if you hear a funny joke.</choice2>
<choice3>Grasp something in your hand.</choice3>
</word>

<word>
<name>bring</name>
<meaning>Taking something from another place to this place.</meaning>
<choice1>improve something</choice1>
<choice2>I like to count. One, Two, Three, Four, Five, Six, _____</choice2>
<choice3>If something is not close, it's ___.</choice3>
</word>

<word>
<name>carry</name>
<meaning>Hold something in your arms as you move along.</meaning>
<choice1>In the same place at the same time.</choice1>
<choice2>A tumble off the swing at the playground.</choice2>
<choice3>Not empty.</choice3>
</word>

<word>
<name>clean</name>
<meaning>If something is not dirty, it's _____.</meaning>
<choice1>The number of legs on an octopus.</choice1>
<choice2>I like to count. One, Two, Three, Four, Five, Six, _____</choice2>
<choice3>Hold onto something for a while.</choice3>
</word>

<word>
<name>cut</name>
<meaning>Something you do with a pair of scissors.</meaning>
<choice1>This happens when you scrape your knee.</choice1>
<choice2>Not yesterday, not tomorrow but right now.</choice2>
<choice3>to choose; a tool to break up the hard ground.</choice3>
</word>

<word>
<name>done</name>
<meaning>Finished, completed, the end.</meaning>
<choice1>A tumble off the swing at the playground.</choice1>
<choice2>Something you do with a pair of scissors.</choice2>
<choice3>Not short.</choice3>
</word>

<word>
<name>draw</name>
<meaning>Create a picture with a pencil.</meaning>
<choice1>I like to count. One, Two, Three, Four, Five, Six, _____</choice1>
<choice2>The opposite of sometimes.</choice2>
<choice3>The opposite of cold.</choice3>
</word>

<word>
<name>drink</name>
<meaning>Something you would do with a cup of milk.</meaning>
<choice1>Me, ______ and I.</choice1>
<choice2>If something is not dirty, it's _____.</choice2>
<choice3>Something you do with a pair of scissors.</choice3>
</word>

<word>
<name>eight</name>
<meaning>The number of legs on an octopus.</meaning>
<choice1>The opposite of cold.</choice1>
<choice2>Create a picture with a pencil.</choice2>
<choice3>The opposite of sometimes.</choice3>
</word>

<word>
<name>fall</name>
<meaning>A tumble off the swing at the playground.</meaning>
<choice1>If something is not close, it's ___.</choice1>
<choice2>Grasp something in your hand.</choice2>
<choice3>We _____ see you tomorrow.</choice3>
</word>

<word>
<name>far</name>
<meaning>If something is not close, it's ___.</meaning>
<choice1>This is when something belongs to you.</choice1>
<choice2>The opposite of sometimes.</choice2>
<choice3>Something you would do with a cup of milk.</choice3>
</word>

<word>
<name>full</name>
<meaning>Not empty.</meaning>
<choice1>The number of legs on an octopus.</choice1>
<choice2>Taking something from another place to this place.</choice2>
<choice3>We ___ caught in traffic.</choice3>
</word>

<word>
<name>got</name>
<meaning>We ___ caught in traffic.</meaning>
<choice1>How you feel lying in bed under a blanket.</choice1>
<choice2>The opposite of cold.</choice2>
<choice3>If something is not dirty, it's _____.</choice3>
</word>

<word>
<name>grow</name>
<meaning>Get larger, increase in size.</meaning>
<choice1>The opposite of sometimes.</choice1>
<choice2>A tumble off the swing at the playground.</choice2>
<choice3>__ the shoe fits.</choice3>
</word>

<word>
<name>hold</name>
<meaning>Grasp something in your hand.</meaning>
<choice1>The opposite of cold.</choice1>
<choice2>Create a picture with a pencil.</choice2>
<choice3>Something you do with a pair of scissors.</choice3>
</word>

<word>
<name>hot</name>
<meaning>The opposite of cold.</meaning>
<choice1>Not yesterday, not tomorrow but right now.</choice1>
<choice2>A tumble off the swing at the playground.</choice2>
<choice3>We _____ see you tomorrow.</choice3>
</word>

<word>
<name>hurt</name>
<meaning>This happens when you scrape your knee.</meaning>
<choice1>All the fingers on both of your hands.</choice1>
<choice2>Attempt to do something.</choice2>
<choice3>tiny, not big.</choice3>
</word>

<word>
<name>if</name>
<meaning>__ the shoe fits.</meaning>
<choice1>We ___ caught in traffic.</choice1>
<choice2>Another word for being nice or generous.</choice2>
<choice3>Not short.</choice3>
</word>

<word>
<name>keep</name>
<meaning>Hold onto something for a while.</meaning>
<choice1>Get larger, increase in size.</choice1>
<choice2>Me, ______ and I.</choice2>
<choice3>The number of legs on an octopus.</choice3>
</word>

<word>
<name>kind</name>
<meaning>Another word for being nice or generous.</meaning>
<choice1>This happens when you scrape your knee.</choice1>
<choice2>Hold onto something for a while.</choice2>
<choice3>A tumble off the swing at the playground.</choice3>
</word>

<word>
<name>laugh</name>
<meaning>This is what you do if you hear a funny joke.</meaning>
<choice1>Attempt to do something.</choice1>
<choice2>This is when something belongs to you.</choice2>
<choice3>If you eat all the ice cream, that is too ____.</choice3>
</word>

<word>
<name>light</name>
<meaning>If something is not heavy, it's _____</meaning>
<choice1>If something is not dirty, it's _____.</choice1>
<choice2>tiny, not big.</choice2>
<choice3>When you are by yourself, you are the ____ person there.</choice3>
</word>

<word>
<name>long</name>
<meaning>Not short.</meaning>
<choice1>I like to count</choice1>
<choice2>If something is not close, it's ___.</choice2>
<choice3>This happens when you scrape your knee.</choice3>
</word>

<word>
<name>much</name>
<meaning>If you eat all the ice cream, that is too ____.</meaning>
<choice1>The number of legs on an octopus.</choice1>
<choice2>This is what you do if you hear a funny joke.</choice2>
<choice3>Get larger, increase in size.</choice3>
</word>

<word>
<name>myself</name>
<meaning>Me, ______ and I.</meaning>
<choice1>I like to count</choice1>
<choice2>Hold onto something for a while.</choice2>
<choice3>tiny, not big.</choice3>
</word>

<word>
<name>never</name>
<meaning>The opposite of sometimes.</meaning>
<choice1>Hold onto something for a while.</choice1>
<choice2>If something is not dirty, it's _____.</choice2>
<choice3>display, the opposite of hide.</choice3>
</word>

<word>
<name>only</name>
<meaning>When you are by yourself, you are the ____ person there.</meaning>
<choice1>I like to count. One, Two, Three, Four, Five, Six, _____</choice1>
<choice2>If something is not dirty, it's _____.</choice2>
<choice3>Attempt to do something.</choice3>
</word>

<word>
<name>own</name>
<meaning>This is when something belongs to you.</meaning>
<choice1>If something is not close, it's ___.</choice1>
<choice2>The beginning, the opposite of the end.</choice2>
<choice3>Attempt to do something.</choice3>
</word>

<word>
<name>pick</name>
<meaning>to choose; a tool to break up the hard ground.</meaning>
<choice1>display, the opposite of hide.</choice1>
<choice2>I like to count. One, Two, Three, Four, Five, Six, _____</choice2>
<choice3>Not short.</choice3>
</word>

<word>
<name>seven</name>
<meaning>I like to count. One, Two, Three, Four, Five, Six, _____</meaning>
<choice1>Not short.</choice1>
<choice2>Hold something in your arms as you move along.</choice2>
<choice3>This is when something belongs to you.</choice3>
</word>

<word>
<name>shall</name>
<meaning>We _____ see you tomorrow.</meaning>
<choice1>Hold something in your arms as you move along.</choice1>
<choice2>Another word for being nice or generous.</choice2>
<choice3>Hold onto something for a while.</choice3>
</word>

<word>
<name>show</name>
<meaning>display, the opposite of hide.</meaning>
<choice1>to beat _____ the bush.</choice1>
<choice2>This is when something belongs to you.</choice2>
<choice3>The beginning, the opposite of the end.</choice3>
</word>

<word>
<name>six</name>
<meaning>I like to count</meaning>
<choice1>Attempt to do something.</choice1>
<choice2>The number of legs on an octopus.</choice2>
<choice3>Hold something in your arms as you move along.</choice3>
</word>

<word>
<name>small</name>
<meaning>tiny, not big.</meaning>
<choice1>Something you would do with a cup of milk.</choice1>
<choice2>We ___ caught in traffic.</choice2>
<choice3>to beat _____ the bush.</choice3>
</word>

<word>
<name>start</name>
<meaning>The beginning, the opposite of the end.</meaning>
<choice1>This happens when you scrape your knee.</choice1>
<choice2>Grasp something in your hand.</choice2>
<choice3>Not short.</choice3>
</word>

<word>
<name>ten</name>
<meaning>All the fingers on both of your hands.</meaning>
<choice1>We _____ see you tomorrow.</choice1>
<choice2>Hold something in your arms as you move along.</choice2>
<choice3>Not empty.</choice3>
</word>

<word>
<name>today</name>
<meaning>Not yesterday, not tomorrow but right now.</meaning>
<choice1>We ___ caught in traffic.</choice1>
<choice2>The opposite of sometimes.</choice2>
<choice3>Something you do with a pair of scissors.</choice3>
</word>

<word>
<name>together</name>
<meaning>In the same place at the same time.</meaning>
<choice1>The opposite of cold.</choice1>
<choice2>Get larger, increase in size.</choice2>
<choice3>The beginning, the opposite of the end.</choice3>
</word>

<word>
<name>try</name>
<meaning>Attempt to do something.</meaning>
<choice1>Hold something in your arms as you move along.</choice1>
<choice2>The opposite of sometimes.</choice2>
<choice3>Not empty.</choice3>
</word>

<word>
<name>warm</name>
<meaning>How you feel lying in bed under a blanket.</meaning>
<choice1>Hold onto something for a while.</choice1>
<choice2>Something you would do with a cup of milk.</choice2>
<choice3>I like to count</choice3>
</word>

</wordlist>