<?xml version="1.0"?>
<wordlist name="Sample Word List">

<word>
<name>apple</name>
<meaning>A common fruit that grows on trees.</meaning>
<choice1>A type of sport.</choice1>
<choice2>A musical instrument.</choice2>
<choice3>A type of insect.</choice3>
</word>

<word>
<name>candy</name>
<meaning>A sweet treat.</meaning>
<choice1>A type of sport.</choice1>
<choice2>A musical instrument.</choice2>
<choice3>A type of insect.</choice3>
</word>

<word>
<name>the</name>
<meaning>A pronoun.</meaning>
<choice1>A type of sport.</choice1>
<choice2>A musical instrument.</choice2>
<choice3>A type of insect.</choice3>
</word>

<word>
<name>saxophone</name>
<meaning>A brass instrument.</meaning>
<choice1>A type of sport.</choice1>
<choice2>A musical instrument.</choice2>
<choice3>A type of insect.</choice3>
</word>

<word>
<name>dog</name>
<meaning>A common pet.</meaning>
<choice1>A type of sport.</choice1>
<choice2>A musical instrument.</choice2>
<choice3>A type of insect.</choice3>
</word>

<word>
<name>spider</name>
<meaning>A type of arachnid.</meaning>
<choice1>A type of sport.</choice1>
<choice2>A musical instrument.</choice2>
<choice3>A type of insect.</choice3>
</word>

</wordlist>