<?xml version="1.0"?><wordlist name="Dolch Pre Primer">
<word>
<name>a</name>
<meaning>The first letter of the alphabet.</meaning>
<choice1>This is Gary. __ are friends.</choice1>
<choice2>The colour of the sky.</choice2>
<choice3>Eric cannot find Fiona. _____ is she?</choice3>
</word>

<word>
<name>and</name>
<meaning>Jack ___ Jill went up the hill.</meaning>
<choice1>Discover something new.</choice1>
<choice2>The very first number</choice2>
<choice3>The opposite of up.</choice3>
</word>

<word>
<name>away</name>
<meaning>Andrew's birthday is three weeks ____.</meaning>
<choice1>It's faster than walking.</choice1>
<choice2>____ here, I have something to show you.</choice2>
<choice3>I've lost my ball, I cannot find __.</choice3>
</word>

<word>
<name>big</name>
<meaning>Not small, not little, it's large.</meaning>
<choice1>Not large, not big, it's small.</choice1>
<choice2>It's faster than walking.</choice2>
<choice3>Hannah put a plate on ___ table.</choice3>
</word>

<word>
<name>blue</name>
<meaning>The colour of the sky.</meaning>
<choice1>Jack ___ Jill went up the hill.</choice1>
<choice2>Something you do with a skipping rope.</choice2>
<choice3>I am ____, not over there.</choice3>
</word>

<word>
<name>can</name>
<meaning>A round, metal thing that holds food; you ___ do it.</meaning>
<choice1>My name is Michael. _ am 7 years old today.</choice1>
<choice2>____ here, I have something to show you.</choice2>
<choice3>Eric cannot find Fiona. _____ is she?</choice3>
</word>

<word>
<name>come</name>
<meaning>____ here, I have something to show you.</meaning>
<choice1>Hannah put a plate on ___ table.</choice1>
<choice2>Ian ____ he like's to eat ice cream.</choice2>
<choice3>Let's go ___ a bike ride.</choice3>
</word>

<word>
<name>down</name>
<meaning>The opposite of up.</meaning>
<choice1>This is Gary. __ are friends.</choice1>
<choice2>Hannah put a plate on ___ table.</choice2>
<choice3>Andrew's birthday is three weeks ____.</choice3>
</word>

<word>
<name>find</name>
<meaning>Discover something new.</meaning>
<choice1>I like to run at the park.</choice1>
<choice2>Something you do with a skipping rope.</choice2>
<choice3>That was a _____ joke.</choice3>
</word>

<word>
<name>for</name>
<meaning>Let's go ___ a bike ride.</meaning>
<choice1>What you do when the traffic light goes green?</choice1>
<choice2>I've lost my ball, I cannot find __.</choice2>
<choice3>The colour of a banana.</choice3>
</word>

<word>
<name>funny</name>
<meaning>That was a _____ joke.</meaning>
<choice1>Hannah put a plate on ___ table.</choice1>
<choice2>The colour of a traffic light when it means stop.</choice2>
<choice3>I like to count. One, two, _____, four, five.</choice3>
</word>

<word>
<name>go</name>
<meaning>What you do when the traffic light goes green?</meaning>
<choice1>The colour of the sky.</choice1>
<choice2>I've lost my ball, I cannot find __.</choice2>
<choice3>A round, metal thing that holds food; you ___ do it.</choice3>
</word>

<word>
<name>help</name>
<meaning>Will you please ____ Mummy pick up your toys?</meaning>
<choice1>I like to run at the park.</choice1>
<choice2>The colour of a traffic light when it means stop.</choice2>
<choice3>Andrew's birthday is three weeks ____.</choice3>
</word>

<word>
<name>here</name>
<meaning>I am ____, not over there.</meaning>
<choice1>Hannah put a plate on ___ table.</choice1>
<choice2>Bianca is sleeping __ her bed.</choice2>
<choice3>The colour of a banana.</choice3>
</word>

<word>
<name>i</name>
<meaning>My name is Michael. _ am 7 years old today.</meaning>
<choice1>I like to count. One, ___, three, four, five.</choice1>
<choice2>Let's go ___ a bike ride.</choice2>
<choice3>What you do when the traffic light goes green?</choice3>
</word>

<word>
<name>in</name>
<meaning>Bianca is sleeping __ her bed.</meaning>
<choice1>Discover something new.</choice1>
<choice2>My name is Charlie, what __ your name?</choice2>
<choice3>The colour of a traffic light when it means stop.</choice3>
</word>

<word>
<name>is</name>
<meaning>My name is Charlie, what __ your name?</meaning>
<choice1>My name is Michael. _ am 7 years old today.</choice1>
<choice2>I am ____, not over there.</choice2>
<choice3>That was a _____ joke.</choice3>
</word>

<word>
<name>it</name>
<meaning>I've lost my ball, I cannot find __.</meaning>
<choice1>I am 6, Denise is 5, how old are ___?</choice1>
<choice2>Bianca is sleeping __ her bed.</choice2>
<choice3>I like to count. One, two, _____, four, five.</choice3>
</word>

<word>
<name>jump</name>
<meaning>Something you do with a skipping rope.</meaning>
<choice1>I am 6, Denise is 5, how old are ___?</choice1>
<choice2>Will you please ____ Mummy pick up your toys?</choice2>
<choice3>My name is Charlie, what __ your name?</choice3>
</word>

<word>
<name>little</name>
<meaning>Not large, not big, it's small.</meaning>
<choice1>The first letter of the alphabet.</choice1>
<choice2>Hannah put a plate on ___ table.</choice2>
<choice3>My name is Charlie, what __ your name?</choice3>
</word>

<word>
<name>look</name>
<meaning>____ over there. Can you see the sail ship.</meaning>
<choice1>Do ___ play with the broken glass.</choice1>
<choice2>The colour of the sky.</choice2>
<choice3>This is __ toy, but you can play with it.</choice3>
</word>

<word>
<name>make</name>
<meaning>Julia like's to ____ things out of clay.</meaning>
<choice1>I've lost my ball, I cannot find __.</choice1>
<choice2>The very first number</choice2>
<choice3>The colour of a banana.</choice3>
</word>

<word>
<name>me</name>
<meaning>I like to run at the park.</meaning>
<choice1>That was a _____ joke.</choice1>
<choice2>Bianca is sleeping __ her bed.</choice2>
<choice3>I like to ____ at the park.</choice3>
</word>

<word>
<name>my</name>
<meaning>This is __ toy, but you can play with it.</meaning>
<choice1>Julia like's to ____ things out of clay.</choice1>
<choice2>My favourite place is the beech. I like __ go there.</choice2>
<choice3>Bianca is sleeping __ her bed.</choice3>
</word>

<word>
<name>not</name>
<meaning>Do ___ play with the broken glass.</meaning>
<choice1>A round, metal thing that holds food; you ___ do it.</choice1>
<choice2>Not large, not big, it's small.</choice2>
<choice3>I've lost my ball, I cannot find __.</choice3>
</word>

<word>
<name>one</name>
<meaning>The very first number</meaning>
<choice1>Julia like's to ____ things out of clay.</choice1>
<choice2>Bianca is sleeping __ her bed.</choice2>
<choice3>I've lost my ball, I cannot find __.</choice3>
</word>

<word>
<name>play</name>
<meaning>I like to ____ at the park.</meaning>
<choice1>The colour of a banana.</choice1>
<choice2>That was a _____ joke.</choice2>
<choice3>The opposite of up.</choice3>
</word>

<word>
<name>red</name>
<meaning>The colour of a traffic light when it means stop.</meaning>
<choice1>My name is Michael. _ am 7 years old today.</choice1>
<choice2>Bianca is sleeping __ her bed.</choice2>
<choice3>The colour of the sky.</choice3>
</word>

<word>
<name>run</name>
<meaning>It's faster than walking.</meaning>
<choice1>The colour of the sky.</choice1>
<choice2>Will you please ____ Mummy pick up your toys?</choice2>
<choice3>Look over there. Can you ___ the kitten?</choice3>
</word>

<word>
<name>said</name>
<meaning>Ian ____ he like's to eat ice cream.</meaning>
<choice1>My name is Michael. _ am 7 years old today.</choice1>
<choice2>Discover something new.</choice2>
<choice3>The opposite of up.</choice3>
</word>

<word>
<name>see</name>
<meaning>Look over there. Can you ___ the kitten?</meaning>
<choice1>I am 6, Denise is 5, how old are ___?</choice1>
<choice2>My favourite place is the beech. I like __ go there.</choice2>
<choice3>Hannah put a plate on ___ table.</choice3>
</word>

<word>
<name>the</name>
<meaning>Hannah put a plate on ___ table.</meaning>
<choice1>I like to ____ at the park.</choice1>
<choice2>I am ____, not over there.</choice2>
<choice3>____ here, I have something to show you.</choice3>
</word>

<word>
<name>three</name>
<meaning>I like to count. One, two, _____, four, five.</meaning>
<choice1>Will you please ____ Mummy pick up your toys?</choice1>
<choice2>Hannah put a plate on ___ table.</choice2>
<choice3>That was a _____ joke.</choice3>
</word>

<word>
<name>to</name>
<meaning>My favourite place is the beech. I like __ go there.</meaning>
<choice1>I am 6, Denise is 5, how old are ___?</choice1>
<choice2>The colour of the sky.</choice2>
<choice3>I've lost my ball, I cannot find __.</choice3>
</word>

<word>
<name>two</name>
<meaning>I like to count. One, ___, three, four, five.</meaning>
<choice1>The opposite of down.</choice1>
<choice2>This is Gary. __ are friends.</choice2>
<choice3>Not large, not big, it's small.</choice3>
</word>

<word>
<name>up</name>
<meaning>The opposite of down.</meaning>
<choice1>This is __ toy, but you can play with it.</choice1>
<choice2>Not large, not big, it's small.</choice2>
<choice3>It's faster than walking.</choice3>
</word>

<word>
<name>we</name>
<meaning>This is Gary. __ are friends.</meaning>
<choice1>My name is Michael. _ am 7 years old today.</choice1>
<choice2>The colour of a banana.</choice2>
<choice3>Something you do with a skipping rope.</choice3>
</word>

<word>
<name>where</name>
<meaning>Eric cannot find Fiona. _____ is she?</meaning>
<choice1>Will you please ____ Mummy pick up your toys?</choice1>
<choice2>The colour of a traffic light when it means stop.</choice2>
<choice3>It's faster than walking.</choice3>
</word>

<word>
<name>yellow</name>
<meaning>The colour of a banana.</meaning>
<choice1>I like to ____ at the park.</choice1>
<choice2>Discover something new.</choice2>
<choice3>I am ____, not over there.</choice3>
</word>

<word>
<name>you</name>
<meaning>I am 6, Denise is 5, how old are ___?</meaning>
<choice1>I like to run at the park.</choice1>
<choice2>What you do when the traffic light goes green?</choice2>
<choice3>The colour of a traffic light when it means stop.</choice3>
</word>

</wordlist>