<?xml version="1.0"?><wordlist name="Dolch Grade 2">
<word>
<name>always</name>
<meaning>The opposite of sometimes.</meaning>
<choice1>You go to the shops when you want to ___ something.</choice1>
<choice2>something you make using a telephone; shout.</choice2>
<choice3>Report something to a person</choice3>
</word>

<word>
<name>around</name>
<meaning>We went for a walk ______ the lake.</meaning>
<choice1>He stumbled ____ the answer.</choice1>
<choice2>The opposite of on.</choice2>
<choice3>A contraction of the words 'it is'.</choice3>
</word>

<word>
<name>because</name>
<meaning>I love you mummy _______ you love me.</meaning>
<choice1>For what reason?</choice1>
<choice2>You do this on a chair, the opposite of stand.</choice2>
<choice3>It has ____ a long time since I played checkers.</choice3>
</word>

<word>
<name>been</name>
<meaning>It has ____ a long time since I played checkers.</meaning>
<choice1>When you find something that was lost, you've _____ it.</choice1>
<choice2>One of _____ days.</choice2>
<choice3>He stumbled ____ the answer.</choice3>
</word>

<word>
<name>before</name>
<meaning>Not after.</meaning>
<choice1>The children needed to feed _____ dog.</choice1>
<choice2>A contraction of the words 'do not'.</choice2>
<choice3>Something you do when you put pen to paper.</choice3>
</word>

<word>
<name>best</name>
<meaning>The ____ layed plans of mice and me.</meaning>
<choice1>Where Mum and Dad go during the weekdays.</choice1>
<choice2>Something you do when you look at a book.</choice2>
<choice3>A contraction of the words 'it is'.</choice3>
</word>

<word>
<name>both</name>
<meaning>I have two children. They are ____ terrific.</meaning>
<choice1>It's not just hot today, it's ____ hot.</choice1>
<choice2>something you make using a telephone; shout.</choice2>
<choice3>The opposite of sometimes.</choice3>
</word>

<word>
<name>buy</name>
<meaning>You go to the shops when you want to ___ something.</meaning>
<choice1>____ flavour ice cream would you like?</choice1>
<choice2>____ the wool over somebody's eye's.</choice2>
<choice3>For what reason?</choice3>
</word>

<word>
<name>call</name>
<meaning>something you make using a telephone; shout.</meaning>
<choice1>Finish the race before everybody else.</choice1>
<choice2>Something you do when you put pen to paper.</choice2>
<choice3>One of _____ days.</choice3>
</word>

<word>
<name>cold</name>
<meaning>The opposite of hot.</meaning>
<choice1>What comes around, ____ around.</choice1>
<choice2>Finish the race before everybody else.</choice2>
<choice3>One of _____ days.</choice3>
</word>

<word>
<name>does</name>
<meaning>____ it always get so hot here in Summer.</meaning>
<choice1>When you hope for something.</choice1>
<choice2>The two of __.</choice2>
<choice3>A contraction of the words 'it is'.</choice3>
</word>

<word>
<name>dont</name>
<meaning>A contraction of the words 'do not'.</meaning>
<choice1>Something you do when you put words to music.</choice1>
<choice2>We can go to the shops __ we can see a movie.</choice2>
<choice3>It has ____ a long time since I played checkers.</choice3>
</word>

<word>
<name>fast</name>
<meaning>The opposite of slow.</meaning>
<choice1>Where Mum and Dad go during the weekdays.</choice1>
<choice2>____ flavour ice cream would you like?</choice2>
<choice3>He stumbled ____ the answer.</choice3>
</word>

<word>
<name>first</name>
<meaning>Finish the race before everybody else.</meaning>
<choice1>The opposite of hot.</choice1>
<choice2>The colour of grass.</choice2>
<choice3>There were so many zebra's, it was too ____ to count.</choice3>
</word>

<word>
<name>five</name>
<meaning>The number of fingers on one hand.</meaning>
<choice1>A contraction of the words 'do not'.</choice1>
<choice2>What comes around, ____ around.</choice2>
<choice3>To do something with an object.</choice3>
</word>

<word>
<name>found</name>
<meaning>When you find something that was lost, you've _____ it.</meaning>
<choice1>The opposite of slow.</choice1>
<choice2>The opposite of sometimes.</choice2>
<choice3>What comes around, ____ around.</choice3>
</word>

<word>
<name>gave</name>
<meaning>The past tense of give.</meaning>
<choice1>The past tense of make.</choice1>
<choice2>Report something to a person</choice2>
<choice3>The colour of grass.</choice3>
</word>

<word>
<name>goes</name>
<meaning>What comes around, ____ around.</meaning>
<choice1>Something you do in a bed a night.</choice1>
<choice2>The ____ layed plans of mice and me.</choice2>
<choice3>Keep ____ chin up.</choice3>
</word>

<word>
<name>green</name>
<meaning>The colour of grass.</meaning>
<choice1>____ flavour ice cream would you like?</choice1>
<choice2>There were so many zebra's, it was too ____ to count.</choice2>
<choice3>We can go to the shops __ we can see a movie.</choice3>
</word>

<word>
<name>its</name>
<meaning>A contraction of the words 'it is'.</meaning>
<choice1>The opposite of hot.</choice1>
<choice2>The past tense of make.</choice2>
<choice3>When you hope for something.</choice3>
</word>

<word>
<name>made</name>
<meaning>The past tense of make.</meaning>
<choice1>The number of fingers on one hand.</choice1>
<choice2>Finish the race before everybody else.</choice2>
<choice3>That is my favourite flavour, _____ are not.</choice3>
</word>

<word>
<name>many</name>
<meaning>There were so many zebra's, it was too ____ to count.</meaning>
<choice1>It has ____ a long time since I played checkers.</choice1>
<choice2>The two of __.</choice2>
<choice3>Keep ____ chin up.</choice3>
</word>

<word>
<name>off</name>
<meaning>The opposite of on.</meaning>
<choice1>Not after.</choice1>
<choice2>____ it always get so hot here in Summer.</choice2>
<choice3>You do this on a chair, the opposite of stand.</choice3>
</word>

<word>
<name>or</name>
<meaning>We can go to the shops __ we can see a movie.</meaning>
<choice1>The act of making something clean.</choice1>
<choice2>Where Mum and Dad go during the weekdays.</choice2>
<choice3>One of _____ days.</choice3>
</word>

<word>
<name>pull</name>
<meaning>____ the wool over somebody's eye's.</meaning>
<choice1>The opposite of on.</choice1>
<choice2>We can go to the shops __ we can see a movie.</choice2>
<choice3>You do this on a chair, the opposite of stand.</choice3>
</word>

<word>
<name>read</name>
<meaning>Something you do when you look at a book.</meaning>
<choice1>Something you do when you put pen to paper.</choice1>
<choice2>When something is correct, the opposite of left.</choice2>
<choice3>Report something to a person</choice3>
</word>

<word>
<name>right</name>
<meaning>When something is correct, the opposite of left.</meaning>
<choice1>Something you do when you put words to music.</choice1>
<choice2>____ flavour ice cream would you like?</choice2>
<choice3>He stumbled ____ the answer.</choice3>
</word>

<word>
<name>sing</name>
<meaning>Something you do when you put words to music.</meaning>
<choice1>____ the wool over somebody's eye's.</choice1>
<choice2>When you find something that was lost, you've _____ it.</choice2>
<choice3>Not after.</choice3>
</word>

<word>
<name>sit</name>
<meaning>You do this on a chair, the opposite of stand.</meaning>
<choice1>When you find something that was lost, you've _____ it.</choice1>
<choice2>The colour of grass.</choice2>
<choice3>The past tense of make.</choice3>
</word>

<word>
<name>sleep</name>
<meaning>Something you do in a bed a night.</meaning>
<choice1>That is my favourite flavour, _____ are not.</choice1>
<choice2>____ it always get so hot here in Summer.</choice2>
<choice3>You go to the shops when you want to ___ something.</choice3>
</word>

<word>
<name>tell</name>
<meaning>Report something to a person</meaning>
<choice1>That is my favourite flavour, _____ are not.</choice1>
<choice2>Something you do when you put pen to paper.</choice2>
<choice3>What comes around, ____ around.</choice3>
</word>

<word>
<name>their</name>
<meaning>The children needed to feed _____ dog.</meaning>
<choice1>The two of __.</choice1>
<choice2>When something is correct, the opposite of left.</choice2>
<choice3>There were so many zebra's, it was too ____ to count.</choice3>
</word>

<word>
<name>these</name>
<meaning>One of _____ days.</meaning>
<choice1>Something you do when you look at a book.</choice1>
<choice2>A contraction of the words 'do not'.</choice2>
<choice3>For what reason?</choice3>
</word>

<word>
<name>those</name>
<meaning>That is my favourite flavour, _____ are not.</meaning>
<choice1>The act of making something clean.</choice1>
<choice2>One of _____ days.</choice2>
<choice3>To do something with an object.</choice3>
</word>

<word>
<name>upon</name>
<meaning>He stumbled ____ the answer.</meaning>
<choice1>When something is correct, the opposite of left.</choice1>
<choice2>Not after.</choice2>
<choice3>Finish the race before everybody else.</choice3>
</word>

<word>
<name>us</name>
<meaning>The two of __.</meaning>
<choice1>The ____ layed plans of mice and me.</choice1>
<choice2>The past tense of give.</choice2>
<choice3>There were so many zebra's, it was too ____ to count.</choice3>
</word>

<word>
<name>use</name>
<meaning>To do something with an object.</meaning>
<choice1>____ flavour ice cream would you like?</choice1>
<choice2>There were so many zebra's, it was too ____ to count.</choice2>
<choice3>Report something to a person</choice3>
</word>

<word>
<name>very</name>
<meaning>It's not just hot today, it's ____ hot.</meaning>
<choice1>The opposite of hot.</choice1>
<choice2>When you hope for something.</choice2>
<choice3>When something is correct, the opposite of left.</choice3>
</word>

<word>
<name>wash</name>
<meaning>The act of making something clean.</meaning>
<choice1>When something is correct, the opposite of left.</choice1>
<choice2>Keep ____ chin up.</choice2>
<choice3>It's not just hot today, it's ____ hot.</choice3>
</word>

<word>
<name>which</name>
<meaning>____ flavour ice cream would you like?</meaning>
<choice1>The opposite of slow.</choice1>
<choice2>A contraction of the words 'it is'.</choice2>
<choice3>It has ____ a long time since I played checkers.</choice3>
</word>

<word>
<name>why</name>
<meaning>For what reason?</meaning>
<choice1>Something you do in a bed a night.</choice1>
<choice2>A contraction of the words 'do not'.</choice2>
<choice3>The number of fingers on one hand.</choice3>
</word>

<word>
<name>wish</name>
<meaning>When you hope for something.</meaning>
<choice1>You do this on a chair, the opposite of stand.</choice1>
<choice2>something you make using a telephone; shout.</choice2>
<choice3>You go to the shops when you want to ___ something.</choice3>
</word>

<word>
<name>work</name>
<meaning>Where Mum and Dad go during the weekdays.</meaning>
<choice1>It's not just hot today, it's ____ hot.</choice1>
<choice2>A contraction of the words 'do not'.</choice2>
<choice3>Finish the race before everybody else.</choice3>
</word>

<word>
<name>would</name>
<meaning>She _____ not say boo to a goose.</meaning>
<choice1>The ____ layed plans of mice and me.</choice1>
<choice2>The number of fingers on one hand.</choice2>
<choice3>It has ____ a long time since I played checkers.</choice3>
</word>

<word>
<name>write</name>
<meaning>Something you do when you put pen to paper.</meaning>
<choice1>Not after.</choice1>
<choice2>The ____ layed plans of mice and me.</choice2>
<choice3>To do something with an object.</choice3>
</word>

<word>
<name>your</name>
<meaning>Keep ____ chin up.</meaning>
<choice1>For what reason?</choice1>
<choice2>The children needed to feed _____ dog.</choice2>
<choice3>The ____ layed plans of mice and me.</choice3>
</word>

</wordlist>