<?xml version="1.0"?><wordlist name="Dolch Grade 1">
<word>
<name>after</name>
<meaning>Not before.</meaning>
<choice1>Sarah liked to play with ___ brother, Jeff.</choice1>
<choice2>to put a question to somebody.</choice2>
<choice3>A polite thing to say, _____ you.</choice3>
</word>

<word>
<name>an</name>
<meaning>That toy will cost __ arm and a leg.</meaning>
<choice1>to put a question to somebody.</choice1>
<choice2>The opposite of new.</choice2>
<choice3>How much wood, _____ a wood chuck chuck?</choice3>
</word>

<word>
<name>any</name>
<meaning>I don't have ___ more ice cream.</meaning>
<choice1>She was ___ the right height to go on the ride.</choice1>
<choice2>That toy truck belongs to Henry. It's ___ toy.</choice2>
<choice3>Every cloud ___ a silver lining.</choice3>
</word>

<word>
<name>as</name>
<meaning>__ long __ it takes.</meaning>
<choice1>She was ___ the right height to go on the ride.</choice1>
<choice2>When you are sure about something, you ____ it's true.</choice2>
<choice3>When you are standing near, you are close __.</choice3>
</word>

<word>
<name>ask</name>
<meaning>to put a question to somebody.</meaning>
<choice1>The act of passing something to another person.</choice1>
<choice2>May I please have ____ ice cream?</choice2>
<choice3>If I've told you ____, I've told you one thousand times.</choice3>
</word>

<word>
<name>by</name>
<meaning>When you are standing near, you are close __.</meaning>
<choice1>The act of passing something to another person.</choice1>
<choice2>He ___ the cup on the bench.</choice2>
<choice3>The opposite of under.</choice3>
</word>

<word>
<name>could</name>
<meaning>How much wood, _____ a wood chuck chuck?</meaning>
<choice1>The book tells the story __ Peter Pan.</choice1>
<choice2>Not before.</choice2>
<choice3>I am ____ Africa where are you ____?</choice3>
</word>

<word>
<name>every</name>
<meaning>_____ now and then, _____ which way.</meaning>
<choice1>___ much is that doggy in the window?</choice1>
<choice2>If I've told you ____, I've told you one thousand times.</choice2>
<choice3>__ long __ it takes.</choice3>
</word>

<word>
<name>fly</name>
<meaning>Something a bird can do.</meaning>
<choice1>Don't ___ the bed bugs bite.</choice1>
<choice2>The opposite of under.</choice2>
<choice3>Parents often ask children to ____ and not run inside.</choice3>
</word>

<word>
<name>from</name>
<meaning>I am ____ Africa where are you ____?</meaning>
<choice1>Don't forget to ____ your library bag to school.</choice1>
<choice2>To pass something to another person.</choice2>
<choice3>A square has corners, a circle is _____</choice3>
</word>

<word>
<name>give</name>
<meaning>To pass something to another person.</meaning>
<choice1>How much wood, _____ a wood chuck chuck?</choice1>
<choice2>That toy will cost __ arm and a leg.</choice2>
<choice3>It will happen ____ I'm ready.</choice3>
</word>

<word>
<name>giving</name>
<meaning>The act of passing something to another person.</meaning>
<choice1>That toy will cost __ arm and a leg.</choice1>
<choice2>The opposite of new.</choice2>
<choice3>A polite thing to say, _____ you.</choice3>
</word>

<word>
<name>had</name>
<meaning>The paste tense of have.</meaning>
<choice1>There ____ ten in the bed</choice1>
<choice2>_____ now and then, _____ which way.</choice2>
<choice3>How many bears where there? There was three of ____.</choice3>
</word>

<word>
<name>has</name>
<meaning>Every cloud ___ a silver lining.</meaning>
<choice1>The Lion liked to ____ in the zoo.</choice1>
<choice2>_____ now and then, _____ which way.</choice2>
<choice3>There ____ ten in the bed</choice3>
</word>

<word>
<name>her</name>
<meaning>Sarah liked to play with ___ brother, Jeff.</meaning>
<choice1>Jeff is my brother, I like to play with ___.</choice1>
<choice2>If I've told you ____, I've told you one thousand times.</choice2>
<choice3>That toy truck belongs to Henry. It's ___ toy.</choice3>
</word>

<word>
<name>him</name>
<meaning>Jeff is my brother, I like to play with ___.</meaning>
<choice1>__ long __ it takes.</choice1>
<choice2>Not before.</choice2>
<choice3>May I please have ____ ice cream?</choice3>
</word>

<word>
<name>his</name>
<meaning>That toy truck belongs to Henry. It's ___ toy.</meaning>
<choice1>Jeff is my brother, I like to play with ___.</choice1>
<choice2>How much wood, _____ a wood chuck chuck?</choice2>
<choice3>The opposite of new.</choice3>
</word>

<word>
<name>how</name>
<meaning>___ much is that doggy in the window?</meaning>
<choice1>The Lion liked to ____ in the zoo.</choice1>
<choice2>How many bears where there? There was three of ____.</choice2>
<choice3>It will happen ____ I'm ready.</choice3>
</word>

<word>
<name>just</name>
<meaning>She was ___ the right height to go on the ride.</meaning>
<choice1>How many bears where there? There was three of ____.</choice1>
<choice2>I am ____ Africa where are you ____?</choice2>
<choice3>Something a bird can do.</choice3>
</word>

<word>
<name>know</name>
<meaning>When you are sure about something, you ____ it's true.</meaning>
<choice1>I am ____ Africa where are you ____?</choice1>
<choice2>How many bears where there? There was three of ____.</choice2>
<choice3>_____ now and then, _____ which way.</choice3>
</word>

<word>
<name>let</name>
<meaning>Don't ___ the bed bugs bite.</meaning>
<choice1>The month before June.</choice1>
<choice2>If I've told you ____, I've told you one thousand times.</choice2>
<choice3>A polite thing to say, _____ you.</choice3>
</word>

<word>
<name>live</name>
<meaning>The Lion liked to ____ in the zoo.</meaning>
<choice1>The opposite of under.</choice1>
<choice2>Not before.</choice2>
<choice3>Sarah liked to play with ___ brother, Jeff.</choice3>
</word>

<word>
<name>may</name>
<meaning>The month before June.</meaning>
<choice1>There ____ ten in the bed</choice1>
<choice2>The opposite of go.</choice2>
<choice3>The opposite of closed.</choice3>
</word>

<word>
<name>of</name>
<meaning>The book tells the story __ Peter Pan.</meaning>
<choice1>The opposite of closed.</choice1>
<choice2>The opposite of new.</choice2>
<choice3>To pass something to another person.</choice3>
</word>

<word>
<name>old</name>
<meaning>The opposite of new.</meaning>
<choice1>The Lion liked to ____ in the zoo.</choice1>
<choice2>Don't ___ the bed bugs bite.</choice2>
<choice3>The book tells the story __ Peter Pan.</choice3>
</word>

<word>
<name>once</name>
<meaning>If I've told you ____, I've told you one thousand times.</meaning>
<choice1>Something you do when you use your brain.</choice1>
<choice2>Every cloud ___ a silver lining.</choice2>
<choice3>___ much is that doggy in the window?</choice3>
</word>

<word>
<name>open</name>
<meaning>The opposite of closed.</meaning>
<choice1>To pass something to another person.</choice1>
<choice2>That toy truck belongs to Henry. It's ___ toy.</choice2>
<choice3>Parents often ask children to ____ and not run inside.</choice3>
</word>

<word>
<name>over</name>
<meaning>The opposite of under.</meaning>
<choice1>Sarah liked to play with ___ brother, Jeff.</choice1>
<choice2>I am ____ Africa where are you ____?</choice2>
<choice3>Don't ___ the bed bugs bite.</choice3>
</word>

<word>
<name>put</name>
<meaning>He ___ the cup on the bench.</meaning>
<choice1>How much wood, _____ a wood chuck chuck?</choice1>
<choice2>The act of passing something to another person.</choice2>
<choice3>Don't forget to ____ your library bag to school.</choice3>
</word>

<word>
<name>round</name>
<meaning>A square has corners, a circle is _____</meaning>
<choice1>Something you do when you use your brain.</choice1>
<choice2>The opposite of under.</choice2>
<choice3>The opposite of closed.</choice3>
</word>

<word>
<name>some</name>
<meaning>May I please have ____ ice cream?</meaning>
<choice1>The paste tense of have.</choice1>
<choice2>The Lion liked to ____ in the zoo.</choice2>
<choice3>We will eat lunch, ____ we will go shopping.</choice3>
</word>

<word>
<name>stop</name>
<meaning>The opposite of go.</meaning>
<choice1>When you are standing near, you are close __.</choice1>
<choice2>The opposite of new.</choice2>
<choice3>We will eat lunch, ____ we will go shopping.</choice3>
</word>

<word>
<name>take</name>
<meaning>Don't forget to ____ your library bag to school.</meaning>
<choice1>She was ___ the right height to go on the ride.</choice1>
<choice2>A polite thing to say, _____ you.</choice2>
<choice3>Every cloud ___ a silver lining.</choice3>
</word>

<word>
<name>thank</name>
<meaning>A polite thing to say, _____ you.</meaning>
<choice1>Jeff is my brother, I like to play with ___.</choice1>
<choice2>to put a question to somebody.</choice2>
<choice3>Don't forget to ____ your library bag to school.</choice3>
</word>

<word>
<name>them</name>
<meaning>How many bears where there? There was three of ____.</meaning>
<choice1>We will eat lunch, ____ we will go shopping.</choice1>
<choice2>When you are standing near, you are close __.</choice2>
<choice3>If I've told you ____, I've told you one thousand times.</choice3>
</word>

<word>
<name>then</name>
<meaning>We will eat lunch, ____ we will go shopping.</meaning>
<choice1>I am ____ Africa where are you ____?</choice1>
<choice2>_____ now and then, _____ which way.</choice2>
<choice3>to put a question to somebody.</choice3>
</word>

<word>
<name>think</name>
<meaning>Something you do when you use your brain.</meaning>
<choice1>To pass something to another person.</choice1>
<choice2>The paste tense of have.</choice2>
<choice3>How much wood, _____ a wood chuck chuck?</choice3>
</word>

<word>
<name>walk</name>
<meaning>Parents often ask children to ____ and not run inside.</meaning>
<choice1>When you are standing near, you are close __.</choice1>
<choice2>That toy will cost __ arm and a leg.</choice2>
<choice3>The opposite of go.</choice3>
</word>

<word>
<name>were</name>
<meaning>There ____ ten in the bed</meaning>
<choice1>He ___ the cup on the bench.</choice1>
<choice2>Something you do when you use your brain.</choice2>
<choice3>If I've told you ____, I've told you one thousand times.</choice3>
</word>

<word>
<name>when</name>
<meaning>It will happen ____ I'm ready.</meaning>
<choice1>The opposite of go.</choice1>
<choice2>Don't forget to ____ your library bag to school.</choice2>
<choice3>The month before June.</choice3>
</word>

</wordlist>